accession,first,last,gender,dob,collection_date,received_date,ordering_physician
MG22750,Test,1,F,1/1/01,5/8/21,5/11/21,"test doc, md"
MG21055,Test,2,F,1/1/01,5/8/21,5/11/21,"test doc, md"
MG22503,Test,3,F,1/1/01,5/8/21,5/11/21,"test doc, md"
MG22504,Test,4,F,1/1/01,5/8/21,5/11/21,"test doc, md"
MG22325,Test,5,F,1/1/01,5/8/21,5/11/21,"test doc, md"
MG22343,Test,6,F,1/1/01,5/8/21,5/11/21,"test doc, md"
MG21908,Test,7,F,1/1/01,5/8/21,5/11/21,"test doc, md"
MG21912,Test,8,F,1/1/01,5/8/21,5/11/21,"test doc, md"
MG21913,Test,9,F,1/1/01,5/8/21,5/11/21,"test doc, md"
MG21914,Test,10,F,1/1/01,5/8/21,5/11/21,"test doc, md"
MG22164,Test,11,F,1/1/01,5/8/21,5/11/21,"test doc, md"
MGW22178,Test,12,F,1/1/01,5/8/21,5/11/21,"test doc, md"
MG21497,Test,13,F,1/1/01,5/8/21,5/11/21,"test doc, md"
MG21935,Test,14,F,1/1/01,5/8/21,5/11/21,"test doc, md"
MG22068,Test,15,F,1/1/01,5/8/21,5/11/21,"test doc, md"
MG22082,Test,16,F,1/1/01,5/8/21,5/11/21,"test doc, md"
MG19962,Test,17,F,1/1/01,5/8/21,5/11/21,"test doc, md"
MG21740,Test,18,F,1/1/01,5/8/21,5/11/21,"test doc, md"
MG21522,Test,19,F,1/1/01,5/8/21,5/11/21,"test doc, md"
MG21762,Test,20,F,1/1/01,5/8/21,5/11/21,"test doc, md"
MG21742,Test,21,F,1/1/01,5/8/21,5/11/21,"test doc, md"
MG21761,Test,22,F,1/1/01,5/8/21,5/11/21,"test doc, md"
MG21104,Test,23,F,1/1/01,5/8/21,5/11/21,"test doc, md"
MG21800,Test,24,F,1/1/01,5/8/21,5/11/21,"test doc, md"
MG21557,Test,25,F,1/1/01,5/8/21,5/11/21,"test doc, md"
MG21546,Test,26,F,1/1/01,5/8/21,5/11/21,"test doc, md"
MG21564,Test,27,F,1/1/01,5/8/21,5/11/21,"test doc, md"
MG21459,Test,28,F,1/1/01,5/8/21,5/11/21,"test doc, md"
MG21614,Test,29,F,1/1/01,5/8/21,5/11/21,"test doc, md"
MG21623,Test,30,F,1/1/01,5/8/21,5/11/21,"test doc, md"
MG21633,Test,31,F,1/1/01,5/8/21,5/11/21,"test doc, md"
MG21498,Test,32,F,1/1/01,5/8/21,5/11/21,"test doc, md"
MG21505,Test,33,F,1/1/01,5/8/21,5/11/21,"test doc, md"
MG21506,Test,34,F,1/1/01,5/8/21,5/11/21,"test doc, md"
MG19979,Test,35,F,1/1/01,5/8/21,5/11/21,"test doc, md"
MG20127,Test,36,F,1/1/01,5/8/21,5/11/21,"test doc, md"
MG21432,Test,37,F,1/1/01,5/8/21,5/11/21,"test doc, md"
MG19957,Test,38,F,1/1/01,5/8/21,5/11/21,"test doc, md"
MG20239,Test,39,F,1/1/01,5/8/21,5/11/21,"test doc, md"
MG20185,Test,40,F,1/1/01,5/8/21,5/11/21,"test doc, md"
MG19929,Test,41,F,1/1/01,5/8/21,5/11/21,"test doc, md"
MG20402,Test,42,F,1/1/01,5/8/21,5/11/21,"test doc, md"
MG20436,Test,43,F,1/1/01,5/8/21,5/11/21,"test doc, md"
MG21165,Test,44,F,1/1/01,5/8/21,5/11/21,"test doc, md"
MG19953,Test,45,F,1/1/01,5/8/21,5/11/21,"test doc, md"
MG21102,Test,46,F,1/1/01,5/8/21,5/11/21,"test doc, md"
MG20444,Test,47,F,1/1/01,5/8/21,5/11/21,"test doc, md"
MG20450,Test,48,F,1/1/01,5/8/21,5/11/21,"test doc, md"
MG21218,Test,49,F,1/1/01,5/8/21,5/11/21,"test doc, md"
MG19996,Test,50,F,1/1/01,5/8/21,5/11/21,"test doc, md"
MG21111,Test,51,F,1/1/01,5/8/21,5/11/21,"test doc, md"
MG19970,Test,52,F,1/1/01,5/8/21,5/11/21,"test doc, md"
MG20748,Test,53,F,1/1/01,5/8/21,5/11/21,"test doc, md"
MG21100,Test,54,F,1/1/01,5/8/21,5/11/21,"test doc, md"
MG21107,Test,55,F,1/1/01,5/8/21,5/11/21,"test doc, md"
MG21110,Test,56,F,1/1/01,5/8/21,5/11/21,"test doc, md"
MG21119,Test,57,F,1/1/01,5/8/21,5/11/21,"test doc, md"
MG21124,Test,58,F,1/1/01,5/8/21,5/11/21,"test doc, md"
MG21125,Test,59,F,1/1/01,5/8/21,5/11/21,"test doc, md"
MG21130,Test,60,F,1/1/01,5/8/21,5/11/21,"test doc, md"
MG21133,Test,61,F,1/1/01,5/8/21,5/11/21,"test doc, md"
MG21137,Test,62,F,1/1/01,5/8/21,5/11/21,"test doc, md"
MG20493,Test,63,F,1/1/01,5/8/21,5/11/21,"test doc, md"
MG21087,Test,64,F,1/1/01,5/8/21,5/11/21,"test doc, md"
MG21105,Test,65,F,1/1/01,5/8/21,5/11/21,"test doc, md"
MG21109,Test,66,F,1/1/01,5/8/21,5/11/21,"test doc, md"
MG21121,Test,67,F,1/1/01,5/8/21,5/11/21,"test doc, md"
MG21131,Test,68,F,1/1/01,5/8/21,5/11/21,"test doc, md"
MG19971,Test,69,F,1/1/01,5/8/21,5/11/21,"test doc, md"
MGJM,Test,70,F,1/1/01,5/8/21,5/11/21,"test doc, md"
MG20938,Test,71,F,1/1/01,5/8/21,5/11/21,"test doc, md"
MG21001,Test,72,F,1/1/01,5/8/21,5/11/21,"test doc, md"
MG21067,Test,73,F,1/1/01,5/8/21,5/11/21,"test doc, md"
MG00367,Test,74,F,1/1/01,5/8/21,5/11/21,"test doc, md"
MG00368,Test,75,F,1/1/01,5/8/21,5/11/21,"test doc, md"
MG00369,Test,76,F,1/1/01,5/8/21,5/11/21,"test doc, md"
MG00370,Test,77,F,1/1/01,5/8/21,5/11/21,"test doc, md"
MG20939,Test,78,F,1/1/01,5/8/21,5/11/21,"test doc, md"
MG20411,Test,79,F,1/1/01,5/8/21,5/11/21,"test doc, md"
MG20412,Test,80,F,1/1/01,5/8/21,5/11/21,"test doc, md"
MG20462,Test,81,F,1/1/01,5/8/21,5/11/21,"test doc, md"
MGP10603,Test,82,F,1/1/01,5/8/21,5/11/21,"test doc, md"
MG18166,Test,83,F,1/1/01,5/8/21,5/11/21,"test doc, md"
MGP10053,Test,84,F,1/1/01,5/8/21,5/11/21,"test doc, md"
MGP10284,Test,85,F,1/1/01,5/8/21,5/11/21,"test doc, md"
MG19417,Test,86,F,1/1/01,5/8/21,5/11/21,"test doc, md"
MG19448,Test,87,F,1/1/01,5/8/21,5/11/21,"test doc, md"
MG19568,Test,88,F,1/1/01,5/8/21,5/11/21,"test doc, md"
MG19569,Test,89,F,1/1/01,5/8/21,5/11/21,"test doc, md"
MG19570,Test,90,F,1/1/01,5/8/21,5/11/21,"test doc, md"
MG19000,Test,91,F,1/1/01,5/8/21,5/11/21,"test doc, md"
MG19022,Test,92,F,1/1/01,5/8/21,5/11/21,"test doc, md"
MG15877,Test,93,F,1/1/01,5/8/21,5/11/21,"test doc, md"
MG16049,Test,94,F,1/1/01,5/8/21,5/11/21,"test doc, md"
MG16074,Test,95,F,1/1/01,5/8/21,5/11/21,"test doc, md"
MG16078,Test,96,F,1/1/01,5/8/21,5/11/21,"test doc, md"
MG16093,Test,97,F,1/1/01,5/8/21,5/11/21,"test doc, md"
MG16129,Test,98,F,1/1/01,5/8/21,5/11/21,"test doc, md"
MG16352,Test,99,F,1/1/01,5/8/21,5/11/21,"test doc, md"
MG16371,Test,100,F,1/1/01,5/8/21,5/11/21,"test doc, md"
MG16372,Test,101,F,1/1/01,5/8/21,5/11/21,"test doc, md"
MGP15145,Test,102,F,1/1/01,5/8/21,5/11/21,"test doc, md"
MGP14609,Test,103,F,1/1/01,5/8/21,5/11/21,"test doc, md"
MGP14536,Test,104,F,1/1/01,5/8/21,5/11/21,"test doc, md"
MGP14538,Test,105,F,1/1/01,5/8/21,5/11/21,"test doc, md"
MGP14262,Test,106,F,1/1/01,5/8/21,5/11/21,"test doc, md"
MGP10500,Test,107,F,1/1/01,5/8/21,5/11/21,"test doc, md"
MGP13973,Test,108,F,1/1/01,5/8/21,5/11/21,"test doc, md"
MGP13502,Test,109,F,1/1/01,5/8/21,5/11/21,"test doc, md"
MGP12178,Test,110,F,1/1/01,5/8/21,5/11/21,"test doc, md"
MGP12790,Test,111,F,1/1/01,5/8/21,5/11/21,"test doc, md"
MGP13519,Test,112,F,1/1/01,5/8/21,5/11/21,"test doc, md"
MGP13530,Test,113,F,1/1/01,5/8/21,5/11/21,"test doc, md"
MGP10060,Test,114,F,1/1/01,5/8/21,5/11/21,"test doc, md"
MGP12863,Test,115,F,1/1/01,5/8/21,5/11/21,"test doc, md"
MGP10355,Test,116,F,1/1/01,5/8/21,5/11/21,"test doc, md"
MGP12591,Test,117,F,1/1/01,5/8/21,5/11/21,"test doc, md"
MG20232,Test,118,F,1/1/01,5/8/21,5/11/21,"test doc, md"
MGP11065,Test,119,F,1/1/01,5/8/21,5/11/21,"test doc, md"
MGP12082,Test,120,F,1/1/01,5/8/21,5/11/21,"test doc, md"
MGAG10393,Test,121,F,1/1/01,5/8/21,5/11/21,"test doc, md"
MGAG10394,Test,122,F,1/1/01,5/8/21,5/11/21,"test doc, md"
MGAG10398,Test,123,F,1/1/01,5/8/21,5/11/21,"test doc, md"
MGAG10399,Test,124,F,1/1/01,5/8/21,5/11/21,"test doc, md"
MGAG10412,Test,125,F,1/1/01,5/8/21,5/11/21,"test doc, md"
MGAG10420,Test,126,F,1/1/01,5/8/21,5/11/21,"test doc, md"
MGAG10427,Test,127,F,1/1/01,5/8/21,5/11/21,"test doc, md"
MGP12287,Test,128,F,1/1/01,5/8/21,5/11/21,"test doc, md"
MGP11483,Test,129,F,1/1/01,5/8/21,5/11/21,"test doc, md"
MGP12185,Test,130,F,1/1/01,5/8/21,5/11/21,"test doc, md"
MGP11120,Test,131,F,1/1/01,5/8/21,5/11/21,"test doc, md"
MGP11148,Test,132,F,1/1/01,5/8/21,5/11/21,"test doc, md"
MGP11418,Test,133,F,1/1/01,5/8/21,5/11/21,"test doc, md"
MG14478,Test,134,F,1/1/01,5/8/21,5/11/21,"test doc, md"
MGP10895,Test,135,F,1/1/01,5/8/21,5/11/21,"test doc, md"
MGP11085,Test,136,F,1/1/01,5/8/21,5/11/21,"test doc, md"
MGP11106,Test,137,F,1/1/01,5/8/21,5/11/21,"test doc, md"
MGP11208,Test,138,F,1/1/01,5/8/21,5/11/21,"test doc, md"